name_h,sequence
t1,PPKPKPPPKKPKKPPKPPKPPPPPPPPKPQQPKPKPPKQPQPKPKPKPKPPPPKPKPKPPPKPKPKPPQQPKPQQPKKQPQKPPPQQPKPQPQPQPQKRPPPPPPPPPPPPPPKQQPKPKKPQQPPKPPPPQQPPKKQPQPKKQPQPKPQPQPPKPKPKPKPPQQPPKPKPPKPKPPPPKPPPKQQQPPQPKPKQPQPPKPPKPPKPQPPKPPPQPPKPKPKQPQPPKPKQPQPKPKPKKQPQPKPKQKPPPQQPPKQQPPKQQPQPKQQPPQPPQPKKPQQPPKPPQPPQPPPKPPKQPPQPKPQQPPKPPKPPKPPPPKPPQPPQPKPPQQPPKPPQQPPKPKPPPPQPPPQKPPPKPPKKPQQPPKPQQPPKPPQQPPKPKQPQKPPQPQPKPKPKPKPPPQPPQQPQPPPKPPPKPPQPQPKPQPQPPKPQPKPKKQPKPQPPQPQPPPKPKPKPPQPQQPQPPKPKPPPPQPQPKPPKPKPKPPKPPKKQQPPKPQPQPKKQPPQPKPPPPPKKQPQPKPPKPPPPPKPPPQPKPPPKQQPPKPPQPQQPPKPQPQPPPKPPPKPPKPPKPKKPQPQPPPQDPKPPPQQPPQQPKQQPKQQPKQPQPQPQPQQPPQQPKQQPPQQPPQPQPQQPPKPPPPPPPKPQKQQPQPPPPPPPPPQPQPKPPPQPPQPPPQQPPPPPPQQPPQPQPPKPPQQPPPPPQQPQPQPKKQQPPPPPPQQPKPPPPKPPPPQQPKPPPQQPKPPPPPPPPKPPKPPPPKPPPKPPPPQPPPPQPPKPPPQPQPPQQKKQQPPPPQQPQPPQPPQQPPKPPKQQPPKPKPPPPPQQPQQPPKPKPPQPQPQPKPPQPPPQKPQPKPPQQPQQPPKPPKPPQQPPPPQQPPPKPPPPQPPQPQPQPKPKPPPQQPPPKPPPPKPPKPPMPPQKPPQQPPKPPPKPPPKPPPPKPPPPPKPPQQPQQPKQQPQPPKPQQPPPKKPQQPPPKPQQPPKPPPQPQPPPQQPPKPPPKPQQPKPPQQPPPQQPPPKPPPKPPPKPPPPPQPQPPKPKPPQQPPKPPPPKPKPPPPPPPQPKPKQQPPKPKQQPPPKKQQPPKKPQQPPPKKQQPPPKPKQPPPPQPQPKKPPKPPPKKQQPPPKPPPPKPPKPPPKPPKPPPKPPPKPPKPPKPPKPPPKPPKPPPKPPPQQPPPKPPQKKQQPPPKKPPQQPPPKPPKPPKPPKPPKPPPKPPPKPPKPPKPPPPPKPPKPPKPPPPKPQPPPK
t2,KKKPPPPPPMMPPPPPPPPPPPPPPPPPPPPPPPPPPPPPPPPPPPPPPPPPPPPPPPPPPPPPPPPPPKPPPPPPPPPPPPPPPPPPPPPPPPPPPPPPPPPPPPPPPKPPPPPPPPPPKPPPPPPPPPPPPPPPPPPPPPPPPPPPPPPPPPPPPPPPPPPPPPPPPPPPPPPPPPPPPPPPPKPPPPPPPPP
t3,IFQQPPIIIIIIIIIIIIIIIIKPQQPIPCCIIQSISIQPSIISIQIMPDQQQQQIQQCCGLIIIIICCCQPIQQPCSPSPPIIIIFQCICCICIICQIISIQQPQICQPQQPIISQQPMLFCQIIQPIIICIIIICPCIIIPIFQQPQIPQCICPISCPIISFQILIIIIIIIIIIQIISISIFQIFIPFIIQQIQIPQIQPISPPISCCCCIIICIIWPCPCQCQIQPPQQQFQIFIIILILIQQPICQPQLLLIIILILIIIIIQIIPIIIIIIQICQQQPQQKDPQPIPPPPPQSIIPISPPPSIIISIISSPISISPCCCPIPSIPISSPISIFIQIIPIQPCIIQSIIIIICIIIIIIIIISIPPIPIQQIIIFQPQISQIQIIIIISQPPIIPIIISIIQPPPPPPSIIIIIIIPPSIPPPPSPPPQQPCPPPQSQPPPPPPPSPICCICCCPCPIQPQPPSIPCWCISQQPSICCSIIPPQPQPQIIIQPQIIPIPPIQQPKQQPIIPISDPPPPCCCCCCCCCCCCCCCICCCCCPPPQPQQPISSISIISIIIIIISQIQLIQCIQIICCIIIIIIIIILPPCQPQPLIIIIIISIIQCCQCIISIQQPSQIIIISIPCCSCCPPPPSQPQCCCCCCKQQPPPPPFQPIQIISSPQQQICDQIIIIICCCQPPPPPICQPIQPIPPPPCPSIIIPISCCPSIIQICIIIPQFQIQQQPQQPQIQPIQQPPIIISIIIISSISSIFQQPISISSIQPQISQQQIQPQPISPIIPIIISIICCICPIFQIPQIPQIPPCCSQQPISIIFQQFFQQPPCPPFQPQQQQQQQQQQQQPQQQQQQQQQQQQQQQPIIIQPQQSISPPCPPPPPPCISIICCCQCQPQPPQPQPCPPSPPPPPPQIIICSLLQIQPPSFQPIPFQQPCCLIQLPIIWIQLQPSQPSIIPFSIQPQPQPIPQLLSLLFIQIIIIIIQPSSIIIIISIIIIIIIIISISIIPIIIISPPSICIIISISIPCCLIIQQQFLLLIISLLIIIIQIQQIILIQIQPLQPPPKQQPSDICPISSISPSISSSIISIPSIIIIIIIIIISIPGSFQCCCCQQPGCCCCCCCCCCCFQSQISIQFQQPQPIQPIIIIIILSIIIIIFIIIQIISLILIICCQPQSPPIIIIIIISLLLLLLLLLLSIQLLLSQQPIIICCCIIIIIIIIIIPQQPQPFFQILLQLLLLLLLLLLLIIIIIIIIIIIIQIIIIIIIQIIIILIIIIIIIIIIISIIIQIKQQPDIIILLLLLLLLLLLLLLLLLLLLLLLLLLLLLLLLIQPISIIQQFIFIQQIIIIIIIIIIQIQSFIIQQPSSIIFQISIIQPSILQIIILCCIIQLLLLLISIISIIIISIFSISISIIISSIIIIIQPQIQQPIIQIIIIQIIIIIIIIIIIIIQIIIIQPIIIQPIIISSISISSIGSIIIIQIPKRGIIPIIIIIISLIQIIIISQLICPCLSIIIISIIIGQIIIQQFQIQPILSSSIISQIQQIIIIIQIIIIIIIIISIIIIIIPWIIIIIIIIISIIIIIIIIIIQSIQISSIISPCIQSQPIIIIIISQQILIFLQILLIQPPQPILLLPIQQPLILILLLIPIQCFKQCCQFCPPKQCPDCFQIIIIIQPQPFIIDQIIQPQSSIFQQPFQILILQPPLICIIIIILLLIIPIIIIQPLIFIIIIILQQLLLIILLKQPIIDQPIQIISISIKPQQPIDKPQFFFSISPSIPIQPPPQPISIDIKPPPQICIIQPDQIIIIIIIIIIIIIIIIIIIIIIIIIIIQPSIIIISIPIICCIPIIFISPIIIIPKPDPPIISIFISKQQPDIISIPISPPIPISIIISIIFFISPPQIPPQDPIQPISCIIIQPQPQPQSQQQPIIIISIIIIIPQKQISIIIISQPIDIIIISIIIFQIFIQPQIIIIIQPPISPSIIFQIPQIPQIIPIIIIIICIKQQDIIIQPQSSIIQQQPSQPKQSKQPQDKQQPDPLQPDSFQCLLLLLQLLLLLCPCIIKQQPCDSSSIIQIIIIIIIQFFIQSSQPQIIIIIISIIIISCPCIIIICICCPCFPCCCCFQQLLISSIQKQQSDICCISSIISIIIISQPIQIIIFQQSSIISQPIIIIIQPQPSIIIIIIIISSIIIIIIIQPSQFFQPQICQQIIFQLLLIIIILIIQPPQMIISISQIIIIIISIIFQQPSISISIISIIIIIQPGGISWIIKPPPQWIIIIPIFIIQIIQPDIIIISSIIIIIIIIIIIIIIIIIIIIQIFQISQPIIKQFQILILSSIIIIKPPLLLLLLLLLLLLLLLIQSPIGSPIIKQIIIPQILIKILQPDDLIPQFQIIIIILLISIIKQQPIDPIPPSIIIIIIIIIIIIPPIIIISPIIKILIISIIIIWPPMGGGGGGGGGGGGWIQLPPPGGGGKKPG
t4,PPCSSSSSSSSWFQIIIIIIIIIIIIIIIIIPQSIICCILQSQPIIQPIPFPPQPQPQIIFQQIQIQIQPIQIPIQIIQIPSFQIIPQIICIIIFQQPIQQQISIFQIIIQPSQPQPQPISSIPISSISISIQIQIIIQPQPIIISIIIISCIIPIIIIIIIIIQWCCIQPIIFQQIIIIIISIIIQIIIIIIISPQPIIIIPQIIIIIIPSIIIIIPSICCCCCQCFQIIIIIIIIIIIIIIQIQPIIIIQQIPQIIQPCQIQPIIIIQPIIISIIIQIIIIIIIIISIIQFIIFQFIQPQIQPQQPKRSPFQPQQQPQIQQIIIPIQQPQPQPISIIIIIQCIIIQPIIICIIIIFIIIIIIQIIIIIPIQQIICIIIICQPFQQIIQQPIFPQISIIIIIIIIIIIIIIIIIIIIIIIIICCIIIQQPSPPCISGGGGGGGGGGGGFQIIQIQIIPPSQIIPIQIIIIIIIPIQIIICFQQPIIPIQQSQIQIIISIFQIIIIIIIQIIQIIQQQQQQQIIIIIIIIIICIPIIPIIQIIPIIIFQIIQFIIIQIIQPSIIPQIIICIIIILCIIISPRKPGGGGGGGGGGPPPICIIIICCPCPPQPPPPPPSIIICIFQQQLIIIQIQPICQPPQIIIWIIQPPFQPPQSISQFQQIIIQQPQPQPPQISQQIIIIIIIIPQIISPQIISIIIIQQISIIIQPQPIIIIIIIIIIIIIIIIFSIQSIIIIIIIIIIIIIQIQIQPIIIWCIIIIIIIQQIIIIIIIIIIIIIISIIIFIIIIISQIFFQIWIIPQPQFQQSIIIIISIIIIIIPPPSIISWFPSIQPFFQQPIIIIIPIPCCSIIIIFQSPQISQIIIQPSQQFQPQIQPQPPPPIQFQFIPQIQPQPQIIFQCQPPQSIPSICCIIQIIPIQQPIIQPCCCCFQCFSSSSIIIIIFIFIISQPISIISIQQPQIIQPSIPPSIPSPSIIPIIIPRKCCFSIIIFQIIIIIIIIISFQQFSQIIIISQSSSQPIQPIFPIIIQIPQIIIIIMMMPQPCCLLIPSCIIIPIPQPISICFIFSIPISPISICPISPPIPPPIPPPIPFQIIQPPCCCCCPPLCPPIISSPQQPCPCPPIFPPPCCCCCPCCSIIIIIFIIIQPPQPISSIFQQPIIIPIIQPPIPPISIQIPIPIIIQISISFIPIFQPIIIQPIIIIIIIIPIIIPISPIPCPIPPSPQIIQPPIFPPPQIIIIIIFSIPISICIIPPCQQPIIPSIPPPPISPIQIQIQQPPPPSSPIICFQQPIQQPQPQIPPFCQQPQIIIQQQIQPICCPPPWPQFISCIIPCPISQSIPQIQIIIIIQIIIIIPSISIIPPPCIPIPISSIPPPCFQSSPPPIQIIICCCPCCIIIIISIFPISPPSCIIIIIIIIIIIIFQCCCCCSIPISPQPIPPISIPPISPPQIIQPIICCQQPPQPQPICCIQIIIPQIISISIIIPQPQPFQQPQCIIPQIIICCCSIQIIIQPIIICSIPIFIICFQIQPPPPPPPPPIPPPPPSICPSIPSIICCCPCCPCCCPIPPPPIPIPPPPPPIIPQIIIFQPQQPICPCPIIIPCPCPSQIQIISSIQSIIQQQQPPIQPPPPPPPPCPFRKMSFQIIISIIIIIIIIIIIIQIPQISIISIIQQPQLIISFIISPPPFQPQIIIPSICCCCCCSIQQPCFCCCCCCQPSCCFIIPISQCPQCIQQPSQQPIIIPPSCIIIIIIIIIIIIPIICPIIPCIIICIPCCCIIIIIIICQQISIIIIIIPQIIIIFSIIIQIQPIIIIISIIISIPSSIPQSIISCISCIIICPIPPIIIIIIIICQQFQQFQSICIIIQIIQPSFIIPISQISPQISQQPIIICQPPPPPPPPPPKCDQQIIQPIPQPPIQPISSIPPPIIIICQPQGPGGGGGGGGGGGGGGIGGGGGGGGGGGGGIQSQIFQIQPIQPPSIPSCIIIISPSISIIIQQPIIIIIICIQIQPIIISGGGGGGGGGIQIIQPSWSIFQIQPFQQPIIIIIIPIFPIQQQPQPPPIIIQPISPQIIQPPPPIISIIIIPISPPPIQQPPQPQPPQQPISIIIIIIIIIIIQQPSIISIIIPPWIIIIPISISPSICPPIPPIIIQQPQPISQPQQQPPPQIISSQQPQPQSQQPQQPIIIIQPIIIIIIGPPIIIGPIQQPIQQPQPIIQSIQPQIIIQPPFQQPQQPPPSPPIISPPPGPPPQIIQPIIFQFQISIQPIPIIIIISIIPIPPQQQFQPPSWWFFIPQQPQPPPQPPPQPISISPPSSPPPIPPPSIQQQIQPQPSSCPQIISIQPQPPSPIPSSSIIIFSISIIIIIQQQIIIQIISCISIIIPSSQQQQQIIIIIIIIIISQPQISISIQQPIQIQPFIIIIQPFQQPQQPPPIIIIIIQIIIFQQPIIIQPIQQPIPPISQPIQQFQPQPPQQIQQPQPQQQPQIIIIFIPQQPPQQISPPPQQSQPSSISFQSIIIPQIIIQIQPIPPSIPQSISIPFQIPQISSPIIFFFFFFQQPMIIFQSIIISIIIIIISISISIQPQPIQPSSQCIIIQPCCPSIIIIIQPMMIIFIPISISGPCCCQIIIIFQQPCIPICSIISIIIGGISCPQIQPQQPCIPCIFIIFQISIISQPSQPCPQCCSCCSIPISIIQQPCIPISIQIQPSQQPFIFQIFQPQPQCIPCCCCCPPISISQSSQPPISQPIQIIIIIIQIIIIQIQFQIIIIIIIWPQQPPQIISSIFQQIIIIIIIQIIQQIIIIISIIIIQPIIIIIIIQPQIQIIICIIIIIIIIIIISIQIIIQIQPPIPQIQILILLFIIIISIIIIIISFQIFQIIIIIIIIIFIIIIIIIIFQQIIIIIQIIISIIIIIIIIIQIICICIIISIIPSIIIQIIQQPQIQSIPPPISIIIIPSISPSISISISSISSSFQQIIPCCCIIPQPSIPFSIIPISPIIIISFQPQSQIILIIIIIIIIICICPQISIISIIIIWFQILIIIIIIISPIIFSPQPSPFQQPICPCPPPCCPCPCPKRPQIFQFQQIQPCCFQCICPCQIISIFIILLQIQPQPIQPISSIIICSIIQIIIIIIQISIIIIPIISIIIQIIISSPPSIIFIFIFIIFIIQPIIQFQPQSISIPIQQPPPISIQPPPCPQCPQPQPCPCPQSICPCCIIPPPPQIPIICIFQCSQCICIISQPPFQIIIIQQISIIIIQPPIQIQIIQIQPPSIIIGIFIIIIKDQQSIQQQPFQFQFQIIQQPPQQPSIICISCIQIIIPICQPFCPCPFQFQFFCQIIPQFQQPQSSQPQCIIPIIIICICQIIIIISIIFIQIIIQICIQPQPPQQPSIIIIIIWIIFPCSSISSISIIIIIIFIFQQPCCFQQPCFPFQQPCCISCQSICCPQICPPCIFFQQIQQPIQQPSIIICISIPPPPIIIIFQFSICICIIPQFIPGPCCPICICIQCCCIIIIIQPISISIIIIFIICIIIQISIQQPQLLIIIIIISIPQISSPIIIIIIGGGGGGGGIGGGGGPIQIIIIIIIIIIPISIISIWCCIIFQISPQFQQPISQQPPQIICIISIFFQIQPPIQQIIPQPPGGGGIIQFQIIIPQFQQIIIIIISSISSISQPPQSIIIQISIFQQPSIFIIQIIFQQIIIIIIIIIIIIIQPQPQIIIIIQIIPQFIIIQIIIFQQPSIIFPIQQIFQFQPFQPQPFPCCISQQPFQPQISIISPLSIPPPIIPLICCCCIIIIPPFFQICILIILIICIQFQPPCCCCIQQPQIPPSIIIQPICIICSCCQPCPIFQIIIQISIIIISIIPSIIIIIIIIISIICSIIIIQPQQIIIISQPQIIPIIIQIISIIIIICIIIIIFISSIPCQPIQPIPIQQQQIQQIIFIQQQCSIIIFQQPCLLIIPIPIIIIICISIIIIIIICPIISQIIIIIPPQICPCCCCCSIIIPQICCICCCIIICCPISPCCCCCPCCCIPCCQQPPPPPCIIPPQISIIICCPCFQIQSPCCCCQIIIICQIPPCQQFQPQICIICIIPFQQPPFCIQPPCSPILLLLIIIIIIICLPCCCCLPQQPQIIIIIQIIIIIIIIIIQPIIIQPPCFQCIQPSIIISIFIIPIIIIIPIIIIIILIIPIIQPIIICISSSIQIPQCIPI
t5,KKPPPPPPPPPPSPPPPPPPPPPPCCCPSIPPPPPPCPPPPKPPPPPPPPPPPPPPPSSSPPPPPPPPPPPPPPPPPPPSSKSIKSSSSSPKPPPKPPPPPPPKPPCCCCCPKPCPPPKKPPCPCCCCPPPKCCCCCCCCCCCCCCCCCCCCCCCCCCCCCCCCCKCQLCCCCCCCCPPCCCCKCCPDDDDDDKPPQQDDDDFPPCPPPPPPPCCCCCPCPCCPCPPQPPPDDCCCCCCPCCCKCPCPPPPCCCPPCCCCCPPCCPCCPPCCPCPCCPCCCCCPCPCCCCCCCPCSIISSPPPPPCPCPIIIISCICCCCPCCCCCCCCCCPPPCCPCCPCCPPPPPPPPCCPPPPPPPPPPPPSIPPISISSISSSISIIIIIKIPPPKPPQQPPQQPDDDKQQPPCCCPPPPPPPPPPPPPPKPPQPQDDPPPPPPKPPPPPPPPPPPPPPPPPPPPPPPPPPPPPPPPPPPKPPPKQQPPPPPPPPQPKLLLLLLLLLLLLLLLPPLLPPQPPPPQPQPDDDPPCCPPKPPPSSSSSSISSIISSSSQLQPLLKQQPPPPPPPISSPPPPPPSIISPPPPPPPPPPPPPPPPPPPPPPPSIPIIPPPPPPPPPPPPPPPSISSPPPPSPCCCPCCCSSKPPPPSSSIISSISSPISIPPPPQPSP
t6,KKGMPGGGGGGGPGGGGGPPPPGGGGGGGGGGPIIPSIIIIISSSIPSIIGPGGGPPPPPPPPPPPSSIPPPFQPIIPIGGGGGQSGPGPPIISPPGSSSSGGKKMPPPPPPPGGGPPGGGGGGPGPPPGPGGGGGPGFPPSPPSIIIIIISSIISSIISSISSISIIIIIIIPSISIIIIGPSIISISISISSIISPGGGIGIPSPGPSWSSGGGGPPSIIIPPIIIPSIIISISIIIISIIISSFSSIIIPSISIIIIISSIIIIISSSSIIISIISISISIISFIIIISIIISIIIIII
t7,KKMPPPPPPPPPPPPPPPPPPPPPPPPPPPPPPKPPCCKPPPDDFKPPPPPPPPPPPPPPPPPPPPPPPPPPPPPPPPPPPPPPPQQPDPPPPKPPPPQPQDPPPPPPPPPPPPPPPPPPPFSQIQQPPGGGPPPPPPPPPKPPPPPPPPPPDKPPPPKGPPPPPPKQIIIIIPIPPPQSIIIIIQSPIPPQPS
t8,KKPPPPPPPPPPPPPPPPPGGGGGGGGGGPGGGGGGGGPPPGGPPGGGGGGGGGGGGGGGGGGGGPPSSIGPPGGRKPPPPPPPPPPPPKPSPPWPPSPPPPPPPPPPPPPPPSPSPPPPISIPRISSPSSPSPIISIPISSIPPPPPPPPGGGPPISSSPGGGSPPPPPPPPPKRPPIPPPPPPPPSSPPRKPPISPISSSISPISSPPPSIPPPPISISSIPPPPPPPISPPPRKPPPPPPPPPPPGPPSRKPPPPPPPRKPPIISISSSPPSIISPSIIIGGGGGGGGGGGGGGSPSIISIPGPIPGPPPSPPGGPSKRPPGGGPIPPPPPPSPPISIIPPPIIIIIPPPPPPGGPPPPPPPPPPPPPPPPPRKPPPPPIIIIIISIIFQIIPPPPPPPPPPPIIIPPSPPSPPPPPSPPQIQISSSSPQIPISIIIQIPIWQPIPCPPIQIPISIQPPIPISISIISSIII
t9,KKPPPPPPPPPPPPPPPKKKPKKKKKPQQPQPQQQPPPQPQQQPPMMMMMMMMMMMMMMMMMMMMMMPPMPPPPPPPPPPPPPPPPPPPPPPPPPPPPPPPPPPPPPPPPPPPPPPPPPPPPPPPPPPPPPPPPPPPPPPPPPPPPPPPPPPPPPPPPPPPPPPPPPPPPPPPPPPPPPPPPPPPPPPPPPPPPPPPPPPPPPMPPPPPPPPPPPPPPPPPPPPPPPPPPPPPPPPPPPPPPPPPPPPPPPPPPPPPPPPPPPPPPPPPPPPPPPPQQPPPPPPPPPPPPPPPPPPPPPPPPPPFPKQQPPPPPPPPPPPPPPPPPPPPPPPPPPPPPPPPPPPPPPPPPPPPPPPPPPPPPPPPPPPPPPPPPPPPPPPPPPPPPPPPPPPPPPPPQQPQQPPPPPPPPPPPPPPPKPPPPPPPPPPPPPPPPPPPPPPPPPPPPPPPPPPPPPPPPPPPPPPPPPPPPPPPPPPPPPKPPPPPPPPPPPPPPPPPPPPPPPPPPPPPPPPPPPPPPPPPPPPPPPPPPPPPPPPPPPPPPPPPPPPPPPPPPPPPPPDPPPPPPPPPPPPPPPPPPPPPPPPPPPPPPPPPPPPPPPPPPPPPPPPPPPPPPPPPPPPPPPPPPPPPPPPPPPPPPPPPPPPPPPPPPPPPPPPPPPPPPPPPPPPPPPPPPPPPPPPPPPPPPPPPPPPPPPPPPPPPPPPPPPPPPPPPPPPPPPPPPPPPPFPPPPPPPPPPPPPPPPPPPPPPPPPPPPPPPPPPPPPPPPPCPPPPPPPPPPPPPPPPPPPPPPPPPPPPPPPPPPPPPPPPPPPPPPPPPPPPPPPPPPPPPPPPPPPPPPPKPPPPPPPPPPPPPPPPPPPPPPPPPPPPPPPPPPPPPGPPPPPPPPPPPPPPPPPPPPPPPPPPPPPPPPPPPPPPPPPPPPPPF
t10,KKKPQDKPQKKQPQDDDKPQDKQPDKQPDKKQQPKPQDDDKPQDKKKKQQPQDDDDKQPDKPQDKQPDKKDQPQDKQPDKQPDKKKQPQDQDDKPQDKKDQPKKQQPDDDKKPQQDDKPQDKKPQQDDKQPDKQPDKKKQQPDDDKKKKPQQDQDDQDKDKDKDKKKKKKKKKKKKKKKKKKKKKKKKKKKKKKKKKKKKKKKKKKKKKKKKKKKKKKKKKKKKKKKKKKKKKKKKKKKKKKKKKKKKKKKKKKKKKKKKKKDQQQQQDDDDDDDDDDDDDDDDDDDDDDDDDDDDDDDDDDDDDDDDDDDDDDDDDDDDDDDDDDDDDDDDDDDDDDDDDDDDDDDDDDDDDDDDDDDDDDDDDQDKKKKKKKKKKKKKKKKKKKKKKKKKKKKKK
t11,PPPPPPPPPPPPPPPPPPPPPPPPPPPPKPPPPPPPPPPPPPPPPPPPPPPPPPPPPPSPPPIPPPSPPPIPPPPPPPPPSFPPPPPPPPPPPPPPPPPPPDIIISPPPIIPPPPPPPPPPPPPPPPPPPPPPPPPPPPPPPPPPPPPPPPPPPPPPPPPPPPPPPPPPPPPPPPPPPPPPPPPPPPPPPPPPPPPPPPPPPPPPPPPPPPPPPPPPPPPPPPPPPPPPPPPPPPPPPPPPPPPPPPPPPPPWPPPFPPPPPPPPPQPQIPPPPPPPPPPPPPPPPPSIISIIIISPPPPPPPPPPPPPPIPPPPPPPPPSIIIIIIIIIIIIIPPPPPPPPPPPPPPPPPPPPPPPPPSISPIPPPPPPPIIIPPPSPPPPPPIISIISPPPIIIIIIPIPPIIPPPIPPPISIIIIIIIPIPPIIIIPPPPIPPPPPPPIIPPPPPPPPPPPPSIPSPPPPPPPPPPPPPPPPPPPPPPPPPPPPSQIQPPPPSPPPPPPPPPPPPPPPPPPPPPPPPPPPPPPPPPPPPPPPPWPPPPPPPPPPPPPPPPPPPPPPPPPPPPPPPPIIPSIPPPPPPIPPPPPPQPIPPPPPPPPPPPPPPPIIPPPPPPPPPPPPPPPQIPPPPPPPPPPPPPPPPPPPPPPPPPPKRPPP
t12,KKRKPPSPIGGGGGGGGGGGGGPISPFFPIPRKPMPPPRGGPWPFQIQPWIKQQPDDPPPKKPPPPPPQPRKDGKRDPGPPPPPPCPGCCPPPISIISPKRDSPQPPPPPRKDPGPPPPPIIIPISPSPSRKKDPPPDDKRSPRKPKRPKRISKRPDKRPPPPPPPPRKPIISSIIIIIIIIIIIDGGGIIPPPGGGGIIKRPPPDRKIIGIIPPPISIPCCPKRPDRKPPPGPRKPPRKRPIPSPPIPSWIIISPPPIIIPPPPGPGGPGGPCIISPSIPRKIIPDKRKPPDRKDKRPDRKPDRKDRKISPDKRPDPRKIIPDKRPDKRPGGDRKPDKRPDRKPPDKRPPPPIQQQQPDPDRKPIPIIIPGPPFPPPPPPPPSIISIPPPISIII
